"day_1","day_2","day_3","day_4","day_5","day_6","day_7","day_8","day_9","day_10","day_11","day_12","day_13","day_14","day_15","day_16","day_17","day_18","day_19","day_20","day_21","day_22","day_23","day_24","day_25","day_26","day_27","day_28","day_29","day_30","day_31","day_32","day_33","day_34","day_35","day_36","day_37","day_38","day_39","day_40","day_41","day_42","day_43","day_44","day_45","day_46","day_47","day_48","day_49","day_50","day_51","day_52","day_53","day_54","day_55","day_56","day_57","day_58","day_59","day_60","day_61","day_62","day_63","day_64","day_65","day_66","day_67","day_68","day_69","day_70","day_71","day_72","day_73","day_74","day_75","day_76","day_77","day_78","day_79","day_80","day_81","day_82","day_83","day_84","day_85","day_86","day_87","day_88","day_89","day_90","day_91","day_92","day_93","day_94","day_95","day_96","day_97","day_98","day_99","day_100","day_101","day_102","day_103","day_104","day_105","day_106","day_107","day_108","day_109","day_110","day_111","day_112","day_113","day_114","day_115","day_116","day_117","day_118","day_119","day_120","day_121","day_122","day_123","day_124","day_125","day_126","day_127","day_128","day_129","day_130","day_131","day_132","day_133","day_134","day_135","day_136","day_137","day_138","day_139","day_140","day_141","day_142","day_143","day_144","day_145","day_146","day_147","day_148","day_149","day_150","day_151","day_152","day_153","day_154","day_155","day_156","day_157","day_158","day_159","day_160","day_161","day_162","day_163","day_164","day_165","day_166","day_167","day_168","day_169","day_170","day_171","day_172","day_173","day_174","day_175","day_176","day_177","day_178","day_179","day_180","day_181","day_182","day_183","day_184","day_185","day_186","day_187","day_188","day_189","day_190","day_191","day_192","day_193","day_194","day_195","day_196","day_197","day_198","day_199","day_200","day_201","day_202","day_203","day_204","day_205","day_206","day_207","day_208","day_209","day_210","day_211","day_212","day_213","day_214","day_215","day_216","day_217","day_218","day_219","day_220","day_221","day_222","day_223","day_224","day_225","day_226","day_227","day_228","day_229","day_230","day_231","day_232","day_233","day_234","day_235","day_236","day_237","day_238","day_239","day_240","day_241","day_242","day_243","day_244","day_245","day_246","day_247","day_248","day_249","day_250","day_251","day_252","day_253","day_254","day_255","day_256","day_257","day_258","day_259","day_260","day_261","day_262","day_263","day_264","day_265","day_266","day_267","day_268","day_269","day_270","day_271","day_272","day_273","day_274","day_275","day_276","day_277","day_278","day_279","day_280","day_281","day_282","day_283","day_284","day_285","day_286","day_287","day_288","day_289","day_290","day_291","day_292","day_293","day_294","day_295","day_296","day_297","day_298","day_299","day_300","day_301","day_302","day_303","day_304","day_305","day_306","day_307","day_308","day_309","day_310","day_311","day_312","day_313","day_314","day_315","day_316","day_317","day_318","day_319","day_320","day_321","day_322","day_323","day_324","day_325","day_326","day_327","day_328","day_329","day_330","day_331","day_332","day_333","day_334","day_335","day_336","day_337","day_338","day_339","day_340","day_341","day_342","day_343","day_344","day_345","day_346","day_347","day_348","day_349","day_350","day_351","day_352","day_353","day_354","day_355","day_356","day_357","day_358","day_359","day_360","day_361","day_362","day_363","day_364","day_365"
16,33,26,22,22,21,33,24,20,25,25,24,20,23,26,33,27,38,29,24,29,36,18,23,36,35,23,38,40,29,42,40,37,37,20,30,32,33,31,41,41,40,34,28,39,41,36,41,48,43,41,38,27,39,49,38,28,44,36,35,33,24,43,42,41,42,36,46,28,42,41,35,34,30,38,50,39,42,40,32,33,34,36,40,34,35,49,31,37,26,31,28,30,39,42,29,35,29,31,27,29,29,38,31,31,22,24,27,24,24,29,33,23,26,22,20,26,23,23,15,28,19,18,14,23,13,16,17,18,13,13,18,25,17,14,13,16,15,18,11,18,9,12,10,9,9,11,13,16,18,15,10,5,9,8,10,9,12,13,14,11,11,13,2,7,9,10,10,5,11,13,6,3,6,5,5,6,7,6,4,8,6,7,4,4,8,5,5,3,5,3,1,3,5,5,3,2,4,3,6,4,1,4,2,8,6,1,1,6,3,2,3,4,5,2,5,2,2,3,2,1,4,1,2,2,2,3,4,2,2,2,2,5,2,1,2,1,1,3,2,1,0,1,0,1,3,1,1,1,2,2,1,1,3,0,1,3,0,2,0,1,2,2,0,1,2,0,2,0,2,1,1,1,3,2,1,0,1,1,0,0,0,1,2,0,0,1,1,1,0,1,0,0,0,0,0,1,0,0,0,0,0,1,0,0,1,0,0,1,0,0,0,0,0,0,0,0,0,0,0,1,0,1,0,0,0,2,0,0,0,0,0,0,0,0,0,0,0,0,1,0,0,0,0,1,0,0,0,0,0,0,0,0,0,0,0,0,0,0,0,0,0,1,0,0
29,26,22,33,25,24,19,23,26,34,23,28,26,17,33,29,27,36,26,33,31,28,33,46,33,27,40,34,36,48,36,30,31,58,53,34,45,57,61,38,47,49,48,65,50,56,52,44,35,69,62,55,59,64,58,67,49,57,72,62,54,61,58,65,68,53,54,59,61,53,59,54,53,55,57,56,64,60,55,54,74,46,56,53,43,56,59,38,39,45,51,55,56,42,51,42,59,43,50,35,39,29,41,42,34,33,45,42,28,33,30,26,36,32,46,32,32,25,30,26,30,19,33,34,25,27,30,30,17,21,17,21,29,13,22,14,31,32,19,16,8,16,13,19,24,13,15,11,10,15,15,13,19,10,11,11,9,15,11,12,7,10,9,8,8,4,9,9,7,5,9,2,6,7,11,3,3,4,6,4,12,3,4,4,4,3,1,4,2,5,4,4,5,7,4,3,2,3,8,4,4,2,2,3,1,4,2,4,3,3,1,4,4,2,2,3,3,1,3,1,1,2,1,3,3,2,2,2,3,1,2,5,2,3,4,2,0,0,0,1,1,2,2,0,1,1,1,2,0,0,0,2,2,0,0,2,1,0,0,1,0,0,0,0,1,0,0,0,1,0,1,0,1,0,2,0,1,0,1,0,0,1,0,0,0,0,0,0,0,1,1,0,0,0,0,0,1,0,1,0,0,0,0,0,0,0,0,0,0,1,0,0,1,0,0,0,0,0,0,0,0,0,0,0,0,0,1,0,0,0,0,0,0,0,0,0,0,0,0,0,0,0,0,0,0,0,0,0,0,0,0,0,0,0,0,0,0,0,0,0,0,0,0,0,0
183,144,139,133,107,149,122,126,156,144,164,179,200,159,202,201,204,209,219,225,239,208,211,220,222,222,215,244,220,189,208,195,175,181,166,171,161,144,130,130,125,111,113,89,75,73,56,74,75,61,55,54,53,45,45,48,41,36,35,24,22,17,21,21,14,14,14,14,17,10,16,17,7,7,7,11,10,6,6,15,9,2,4,0,2,4,7,4,4,3,1,7,3,2,2,1,2,2,5,2,1,0,3,4,0,1,1,1,0,2,0,0,0,0,1,0,0,1,0,1,0,0,0,0,0,0,0,0,0,0,0,0,0,0,0,1,0,1,0,0,0,0,0,0,0,0,0,0,0,0,0,0,0,0,0,0,0,0,0,0,0,0,0,0,0,0,0,0,0,0,0,0,0,0,0,0,0,0,0,0,0,0,0,0,0,0,0,0,0,0,0,0,0,0,0,0,0,0,0,0,0,0,0,0,0,0,0,0,0,0,0,0,0,0,0,0,0,0,0,0,0,0,0,0,0,0,0,0,0,0,0,0,0,0,0,0,0,0,0,0,0,0,0,0,0,0,0,0,0,0,0,0,0,0,0,0,0,0,0,0,0,0,0,0,0,0,0,0,0,0,0,0,0,0,0,0,0,0,0,0,0,0,0,0,0,0,0,0,0,0,0,0,0,0,0,0,0,0,0,0,0,0,0,0,0,0,0,0,0,0,0,0,0,0,0,0,0,0,0,0,0,0,0,0,0,0,0,0,0,0,0,0,0,0,0,0,0,0,0,0,0,0,0,0,0,0,0,0,0,0,0,0,0,0,0,0,0,0,0,0,0,0,0,0,0
42,38,39,44,41,32,40,48,52,54,51,55,53,62,49,57,63,66,73,81,91,80,100,106,86,93,113,110,80,117,112,105,116,98,122,139,128,104,117,118,121,125,131,112,123,109,123,118,121,98,113,103,120,104,96,92,83,123,88,73,72,78,87,69,51,78,56,79,60,72,71,64,53,67,50,41,53,52,40,41,41,33,31,26,45,26,37,28,35,25,24,20,20,23,21,15,25,18,18,14,14,10,8,16,21,12,14,17,5,12,9,9,10,7,14,8,11,8,7,13,5,6,4,3,5,4,9,4,6,5,4,8,3,3,4,4,3,2,3,3,3,0,4,0,3,2,1,0,4,0,2,1,0,1,0,0,1,0,2,0,0,0,1,3,2,0,0,0,0,1,0,1,0,0,1,1,0,1,0,0,0,0,0,0,1,0,0,0,0,0,0,0,0,0,0,0,0,0,0,0,0,0,0,0,0,1,0,0,0,0,0,0,0,0,1,0,0,1,0,0,0,0,0,0,0,0,0,0,0,0,0,0,0,0,0,0,0,0,0,0,0,0,1,0,0,0,0,0,0,0,0,0,0,0,0,0,0,0,0,0,0,0,0,0,0,0,0,0,0,0,0,0,0,0,0,0,0,0,0,0,0,0,0,0,0,0,0,0,0,0,0,0,0,0,0,0,0,0,0,0,0,0,0,0,0,0,0,0,0,0,0,0,0,0,0,0,0,0,0,0,0,0,0,0,0,0,0,0,0,0,0,0,0,0,0,0,0,0,0,0,0,0,0,0,0,0,0,0,0,0,0,0,0,0,0,0,0,0,0,0,0,0,0,0,0
31,27,21,28,29,19,33,34,46,46,39,45,37,51,64,58,70,77,66,74,59,87,78,100,90,101,95,91,92,109,105,95,95,116,98,95,114,91,90,107,96,99,84,72,97,81,72,71,78,62,67,64,70,70,53,47,55,43,45,32,50,31,46,32,30,38,32,27,36,24,27,23,24,25,18,20,11,24,19,21,14,17,14,14,14,13,9,6,14,9,10,6,11,3,9,6,6,6,5,4,1,1,2,4,7,5,5,4,8,2,5,2,2,3,1,2,0,4,3,3,3,2,4,1,2,0,0,0,2,0,3,1,2,0,3,0,0,2,2,1,1,0,1,0,0,1,0,0,0,0,0,0,1,3,0,1,0,0,0,1,0,0,0,0,0,0,0,0,0,0,1,0,0,0,0,1,0,0,0,0,0,0,0,0,0,0,0,0,0,0,0,0,0,0,0,0,0,0,0,0,0,0,0,0,0,0,0,0,0,0,0,0,0,0,0,0,0,0,0,0,0,0,0,0,0,0,0,0,0,0,0,0,0,0,0,0,0,0,0,0,0,0,0,0,0,0,0,0,0,0,0,0,0,0,0,0,0,0,0,0,0,0,0,0,0,0,0,0,0,0,0,0,0,0,0,0,0,0,0,0,0,0,0,0,0,0,0,0,0,0,0,0,0,0,0,0,0,0,0,0,0,0,0,0,0,0,0,0,0,0,0,0,0,0,0,0,0,0,0,0,0,0,0,0,0,0,0,0,0,0,0,0,0,0,0,0,0,0,0,0,0,0,0,0,0,0,0,0,0,0,0,0,0,0,0,0,0,0,0,0,0,0,0,0,0
87,72,74,90,62,71,78,84,83,83,85,105,108,90,119,130,129,139,125,133,158,137,156,163,159,170,171,178,198,162,160,173,157,165,157,155,173,141,160,147,156,126,129,153,136,124,106,112,105,105,90,93,86,77,68,91,94,87,65,72,66,53,54,54,55,48,44,39,43,31,27,35,35,29,34,23,26,32,28,30,25,19,28,17,13,11,21,12,12,9,10,18,12,10,12,11,5,12,8,11,9,9,4,8,4,7,7,8,4,6,5,7,5,5,4,4,2,5,3,3,5,4,1,5,2,2,2,2,3,2,3,6,0,2,0,1,1,1,1,0,0,2,0,1,0,1,0,0,0,0,2,1,0,0,0,0,0,1,0,0,1,1,0,0,0,0,1,0,0,0,0,1,0,0,0,1,1,1,0,0,0,0,0,0,0,0,0,0,0,0,0,0,0,0,0,0,0,1,0,0,0,0,0,0,0,0,0,0,0,0,0,0,0,0,0,0,0,0,0,0,0,0,0,0,0,0,0,0,0,0,0,0,0,0,0,0,0,0,0,0,0,0,0,0,0,0,0,0,0,0,0,0,0,0,0,0,0,0,0,0,0,0,0,0,0,0,0,0,0,0,0,0,0,0,0,0,0,0,0,0,0,0,0,0,0,0,0,0,0,0,0,0,0,0,0,0,0,0,0,0,0,0,0,0,0,0,0,0,0,0,0,0,0,0,0,0,0,0,0,0,0,0,0,0,0,0,0,0,0,0,0,0,0,0,0,0,0,0,0,0,0,0,0,0,0,0,0,0,0,0,0,0,0,0,0,0,0,0,0,0,0,0,0,0,0
131,94,115,105,103,95,115,104,113,115,116,141,126,132,128,142,133,151,126,128,131,118,119,98,118,110,100,108,98,92,108,70,80,81,79,65,70,44,56,61,49,53,41,41,40,30,25,32,45,32,22,30,19,16,17,22,18,17,9,14,8,8,4,8,4,6,5,1,5,4,5,5,4,5,1,8,0,1,2,0,3,3,3,2,3,1,0,1,1,0,0,1,1,0,0,0,1,1,0,0,0,0,2,0,0,0,0,1,1,0,0,0,0,0,0,0,0,0,0,0,0,0,0,0,0,0,0,0,0,0,0,0,0,0,0,0,0,0,0,0,0,0,0,0,0,0,0,0,0,0,0,0,0,0,0,0,0,0,0,0,0,0,0,0,0,0,0,0,0,0,0,0,0,0,0,0,0,0,0,0,0,0,0,0,0,0,0,0,0,0,0,0,0,0,0,0,0,0,0,0,0,0,0,0,0,0,0,0,0,0,0,0,0,0,0,0,0,0,0,0,0,0,0,0,0,0,0,0,0,0,0,0,0,0,0,0,0,0,0,0,0,0,0,0,0,0,0,0,0,0,0,0,0,0,0,0,0,0,0,0,0,0,0,0,0,0,0,0,0,0,0,0,0,0,0,0,0,0,0,0,0,0,0,0,0,0,0,0,0,0,0,0,0,0,0,0,0,0,0,0,0,0,0,0,0,0,0,0,0,0,0,0,0,0,0,0,0,0,0,0,0,0,0,0,0,0,0,0,0,0,0,0,0,0,0,0,0,0,0,0,0,0,0,0,0,0,0,0,0,0,0,0,0,0,0,0,0,0,0,0,0,0,0,0,0
107,100,94,94,97,105,102,140,133,123,139,148,141,165,161,183,173,186,194,201,192,176,192,198,190,162,143,182,180,156,164,168,144,127,124,133,104,117,102,102,80,92,85,82,88,78,67,43,52,33,44,40,43,39,51,40,30,27,25,29,22,22,20,17,19,17,12,17,12,13,12,17,11,11,12,10,10,8,1,5,7,6,6,3,5,5,2,1,2,1,2,7,5,4,3,2,4,2,3,2,2,3,5,1,1,0,1,1,0,1,0,1,1,0,0,0,0,0,0,0,0,1,0,0,0,0,0,0,2,1,0,0,0,0,0,0,0,0,0,0,0,0,0,0,0,0,0,0,0,0,0,0,0,0,0,1,0,0,0,0,0,0,0,0,0,0,0,0,0,0,0,0,0,0,0,0,0,0,0,0,0,0,0,0,0,0,0,0,0,0,0,0,0,0,0,0,0,0,0,0,0,0,0,0,0,0,0,0,0,0,0,0,0,0,0,0,0,0,0,0,0,0,0,0,0,0,0,0,0,0,0,0,0,0,0,0,0,0,0,0,0,0,0,0,0,0,0,0,0,0,0,0,0,0,0,0,0,0,0,0,0,0,0,0,0,0,0,0,0,0,0,0,0,0,0,0,0,0,0,0,0,0,0,0,0,0,0,0,0,0,0,0,0,0,0,0,0,0,0,0,0,0,0,0,0,0,0,0,0,0,0,0,0,0,0,0,0,0,0,0,0,0,0,0,0,0,0,0,0,0,0,0,0,0,0,0,0,0,0,0,0,0,0,0,0,0,0,0,0,0,0,0,0,0,0,0,0,0,0,0,0,0,0,0,0
73,54,51,66,39,35,52,40,45,43,42,47,49,37,51,45,49,53,38,41,44,46,61,46,51,48,56,46,38,56,59,62,56,59,55,70,53,73,63,60,54,42,54,57,59,60,57,67,53,62,55,60,61,54,69,56,42,59,65,54,65,38,52,49,45,35,46,47,43,53,52,45,49,46,46,35,46,35,42,51,41,51,53,32,26,51,37,36,33,23,30,34,36,34,33,28,35,31,29,15,25,21,22,26,32,20,19,23,22,11,21,20,24,13,14,19,15,22,19,24,11,12,13,16,11,12,14,9,16,5,14,9,7,7,11,4,8,7,13,4,6,9,5,6,9,6,11,7,6,6,5,5,7,3,4,4,4,4,3,5,1,7,6,2,5,5,1,4,2,7,7,3,3,4,3,5,3,1,2,1,2,3,1,2,1,1,1,1,2,0,3,1,1,1,2,2,3,1,2,0,0,1,2,0,0,0,1,0,1,0,0,1,1,0,0,1,1,0,0,1,1,0,0,0,0,1,0,0,0,0,0,2,0,0,0,0,2,0,0,1,0,0,0,0,0,0,0,1,0,1,0,1,0,1,0,0,1,0,0,0,0,0,0,0,0,0,1,0,0,0,0,0,0,0,0,0,0,0,0,0,0,0,0,0,0,0,0,0,0,1,0,0,0,0,0,0,0,0,0,0,0,0,0,0,0,0,0,0,0,0,0,1,0,0,0,0,1,0,0,0,1,0,0,0,0,1,0,0,0,0,0,0,0,0,0,0,0,0,0,0,0,0,0,0,0,0,0,0,0,0,0,0,0,0,0,0,0,0,0,0,0,0,0,0,0
15,14,14,16,14,17,14,13,10,15,15,14,15,13,19,8,12,14,19,13,14,18,13,21,30,15,29,15,14,21,23,20,19,24,18,21,26,27,25,26,25,31,29,24,34,26,39,27,30,41,37,42,42,37,45,44,40,53,37,41,38,48,56,33,45,57,40,63,62,53,56,52,48,44,50,55,57,52,48,56,58,61,61,72,53,62,47,57,53,59,52,59,52,71,56,58,62,46,73,46,58,64,54,63,49,62,46,58,53,46,47,48,60,47,52,53,47,46,44,52,34,36,44,39,44,49,39,46,41,40,51,41,48,43,37,38,34,33,38,28,40,37,29,28,29,22,28,31,25,39,20,23,26,21,28,21,22,21,13,20,19,16,23,16,13,16,16,20,11,17,12,15,16,14,14,15,16,13,10,15,5,13,6,5,9,17,7,14,9,10,4,11,6,8,6,3,8,6,10,8,6,7,8,9,7,8,3,6,5,4,4,7,5,2,4,4,3,4,4,4,7,2,3,4,3,2,1,2,1,3,3,2,5,1,1,4,3,5,3,3,2,2,2,2,1,1,2,2,1,1,5,4,1,1,1,1,2,0,1,0,2,2,2,2,2,2,0,1,1,3,1,0,0,0,2,1,0,1,1,1,0,0,0,0,2,1,1,0,0,0,0,1,0,1,0,3,0,0,0,0,0,0,0,1,0,1,0,0,0,0,0,3,0,0,0,0,0,0,1,2,0,0,0,1,1,0,0,1,0,0,0,0,0,1,0,0,1,0,0,1,0,0,0,0,0,0,0,0,0,0,0,0,0,0,0,0,0,0,0,0,0,0,0,0,0
