"n","recov","crate","incub","R0","initial_infected","preval","ptran"
6967,0.185784395756898,11.0805460833944,17.5914913723245,1.58475358318537,494,0.0709056982919477,0.0265711170424085
7087,0.0760116712423041,7.71564196795225,19.4862776608206,2.50476506818086,661,0.0932693664456046,0.0246760256233483
9296,0.0990997254014946,5.06896871607751,6.10942409187555,3.16172027029097,1115,0.119944061962134,0.0618124964133994
7681,0.17475903706695,8.05767125450075,19.3032360943034,3.69752889778465,794,0.103371956776461,0.0801939629074755
5046,0.142347559633199,5.1564378850162,16.7511356575415,4.87521638907492,479,0.0949266745937376,0.134584217078455
8563,0.10343746663956,8.19382049608976,16.5244259051979,4.66655078623444,1349,0.157538245941843,0.0589097834768638
5182,0.151091977930628,13.7680772296153,8.31627813214436,2.96871041599661,1062,0.20494017753763,0.0325788649479211
7344,0.167158100398025,10.3666855650954,13.5959897465073,4.69901600945741,1364,0.185729847494553,0.0757695007674884
8361,0.106799324162537,12.5482117850333,8.41096884850413,1.56179308425635,588,0.0703265159669896,0.0132926068461204
7590,0.0715398391871713,13.2013932266273,17.6177237285301,2.39820956904441,300,0.0395256916996047,0.012996168204468
