"n","recov","preval","crate","R0","ptran","initial_infected"
6967,0.0722345400177874,0.0140255908784457,4.7719812784344,2.74596133145969,0.0415662262928446,98
7087,0.125732315455563,0.0157669689178001,3.33316524513066,3.44118392770179,0.129806952646734,112
9296,0.07380023814179,0.0195944532644935,2.27683061081916,4.67059410633519,0.151390690055403,182
7681,0.128169386880007,0.0189162900552619,2.57020174898207,4.46035120557062,0.222426305450107,145
5046,0.227948582410114,0.013398308851989,4.78161751944572,3.3183125223266,0.158190117127093,68
8563,0.167063671615208,0.0190218020307366,4.44508820120245,3.02133121222723,0.113553356566415,163
5182,0.206112990952097,0.00882582752383314,3.58131598308682,2.38789782798849,0.137429024900088,46
7344,0.217804938756628,0.0115441810993943,4.38295814674348,2.74865028071217,0.136590308647759,85
8361,0.216104275313672,0.0143907438123133,3.0540509019047,1.31574809188023,0.09310217708349,120
7590,0.234946872293716,0.0148300606461708,1.57466678135097,4.32325715736952,0.645048056690413,113
