"day_0","day_1","day_2","day_3","day_4","day_5","day_6","day_7","day_8","day_9","day_10","day_11","day_12","day_13","day_14","day_15","day_16","day_17","day_18","day_19","day_20","day_21","day_22","day_23","day_24","day_25","day_26","day_27","day_28","day_29","day_30","day_31","day_32","day_33","day_34","day_35","day_36","day_37","day_38","day_39","day_40","day_41","day_42","day_43","day_44","day_45","day_46","day_47","day_48","day_49","day_50","day_51","day_52","day_53","day_54","day_55","day_56","day_57","day_58","day_59","day_60"
97,14,24,29,24,37,43,25,38,47,51,68,60,53,93,94,96,115,136,125,135,132,147,178,165,175,191,199,189,190,186,202,174,165,159,162,158,158,161,126,133,125,115,94,92,87,85,84,82,68,61,51,53,45,60,43,31,33,33,25,25
111,37,62,73,91,90,145,141,206,237,246,331,348,423,421,451,379,382,378,346,294,270,219,157,166,119,103,82,67,61,44,50,29,42,21,13,27,17,13,11,6,9,9,6,3,10,6,5,2,3,6,3,2,3,0,2,2,2,0,0,1
182,71,65,102,132,163,197,224,281,331,378,420,499,479,516,529,516,469,478,454,399,323,281,254,207,179,153,118,109,96,74,78,47,46,43,45,39,24,26,22,12,7,18,15,11,7,10,5,2,6,9,7,6,3,3,2,2,1,1,2,1
145,77,94,143,189,255,336,465,536,639,612,652,655,520,461,402,267,204,182,137,121,84,75,56,44,30,31,23,19,20,8,11,5,6,7,7,5,4,3,5,1,0,3,2,0,0,1,2,1,1,0,1,0,1,2,2,0,0,1,0,1
67,59,87,125,171,241,320,340,414,460,456,402,401,288,235,178,137,106,72,55,35,32,25,19,15,15,7,5,6,5,2,4,4,2,0,0,1,0,0,0,0,1,0,0,0,0,0,0,0,0,0,0,0,0,0,0,0,0,0,0,0
162,89,125,139,216,227,294,365,420,490,530,543,578,522,474,436,386,344,308,228,201,160,124,106,89,72,44,57,41,27,35,26,19,20,17,14,11,5,8,7,8,8,6,3,3,3,2,2,2,1,3,0,0,0,1,0,0,0,0,1,2
45,15,21,28,52,43,55,71,103,133,133,139,182,178,226,246,279,259,260,244,227,213,202,178,135,117,83,90,72,63,46,47,45,35,28,24,17,19,15,10,4,9,5,8,7,2,3,4,2,1,0,1,2,1,1,0,2,3,1,0,0
84,53,76,110,129,179,240,324,354,447,452,520,527,474,446,368,358,259,255,182,158,114,104,85,62,51,41,44,33,30,22,13,11,11,6,6,5,3,5,6,2,1,6,2,0,1,2,1,1,0,2,1,0,0,1,0,1,0,0,0,0
120,33,42,30,39,46,46,49,49,55,62,58,68,82,65,67,60,91,71,70,71,82,89,80,72,77,73,69,75,81,61,88,63,71,68,56,56,58,66,66,58,46,54,52,52,46,52,38,44,34,43,40,51,41,29,32,22,38,27,31,31
112,111,199,304,508,733,1011,1083,997,856,582,360,205,140,94,63,32,30,14,13,7,7,1,3,4,0,1,3,0,0,2,0,0,1,1,0,0,2,0,0,0,0,0,0,0,0,0,0,0,0,0,0,0,0,0,0,0,0,0,0,0
